Hotel Name,Location,Price,Rating,Reviews,Link
Trident Nariman Point,"South Mumbai, Mumbai",NA,Fabulous,"4,589 reviews",https://www.booking.comhttps://www.booking.com/hotel/in/trident-nariman-point.en-gb.html?label=gen173nr-1fcaqoggjcdhnlyxjjaf9tywzdqugzwarobigbazgbmbgbf8gbd9gbaegbafgba4gcaagca7gcrz_3vqbaaghsaiq5mgy5njvkmy1kyjy1ltqyowitymnjmc02mmyzzmu1nmm4ndpyagxgage&sid=4c8302fb0088615c78f654957530dd1a&aid=304142&ucfs=1&arphpl=1&dest_id=-2092174&dest_type=city&group_adults=2&req_adults=2&no_rooms=1&group_children=0&req_children=0&hpos=1&hapos=1&sr_order=popularity&srpvid=898c6937ce300131&srepoch=1740495471&from=searchresults
Novotel Mumbai International Airport,"Western Suburbs, Mumbai",NA,Fabulous,"1,749 reviews",https://www.booking.comhttps://www.booking.com/hotel/in/novotel-mumbai-international-airport.en-gb.html?label=gen173nr-1fcaqoggjcdhnlyxjjaf9tywzdqugzwarobigbazgbmbgbf8gbd9gbaegbafgba4gcaagca7gcrz_3vqbaaghsaiq5mgy5njvkmy1kyjy1ltqyowitymnjmc02mmyzzmu1nmm4ndpyagxgage&sid=4c8302fb0088615c78f654957530dd1a&aid=304142&ucfs=1&arphpl=1&dest_id=-2092174&dest_type=city&group_adults=2&req_adults=2&no_rooms=1&group_children=0&req_children=0&hpos=2&hapos=2&sr_order=popularity&srpvid=898c6937ce300131&srepoch=1740495471&from_sustainable_property_sr=1&from=searchresults
The Lalit Mumbai,"Western Suburbs, Mumbai",NA,Good,"1,033 reviews",https://www.booking.comhttps://www.booking.com/hotel/in/the-lalit-mumbai.en-gb.html?label=gen173nr-1fcaqoggjcdhnlyxjjaf9tywzdqugzwarobigbazgbmbgbf8gbd9gbaegbafgba4gcaagca7gcrz_3vqbaaghsaiq5mgy5njvkmy1kyjy1ltqyowitymnjmc02mmyzzmu1nmm4ndpyagxgage&sid=4c8302fb0088615c78f654957530dd1a&aid=304142&ucfs=1&arphpl=1&dest_id=-2092174&dest_type=city&group_adults=2&req_adults=2&no_rooms=1&group_children=0&req_children=0&hpos=3&hapos=3&sr_order=popularity&srpvid=898c6937ce300131&srepoch=1740495471&from=searchresults
Hotel Suba Galaxy Mumbai,"Western Suburbs, Mumbai",NA,Very good,689 reviews,https://www.booking.comhttps://www.booking.com/hotel/in/suba-galaxy.en-gb.html?label=gen173nr-1fcaqoggjcdhnlyxjjaf9tywzdqugzwarobigbazgbmbgbf8gbd9gbaegbafgba4gcaagca7gcrz_3vqbaaghsaiq5mgy5njvkmy1kyjy1ltqyowitymnjmc02mmyzzmu1nmm4ndpyagxgage&sid=4c8302fb0088615c78f654957530dd1a&aid=304142&ucfs=1&arphpl=1&dest_id=-2092174&dest_type=city&group_adults=2&req_adults=2&no_rooms=1&group_children=0&req_children=0&hpos=4&hapos=4&sr_order=popularity&srpvid=898c6937ce300131&srepoch=1740495471&from=searchresults
Arnna Hotel - Goregaon,"Western Suburbs, Mumbai",NA,Good,577 reviews,https://www.booking.comhttps://www.booking.com/hotel/in/arnna.en-gb.html?label=gen173nr-1fcaqoggjcdhnlyxjjaf9tywzdqugzwarobigbazgbmbgbf8gbd9gbaegbafgba4gcaagca7gcrz_3vqbaaghsaiq5mgy5njvkmy1kyjy1ltqyowitymnjmc02mmyzzmu1nmm4ndpyagxgage&sid=4c8302fb0088615c78f654957530dd1a&aid=304142&ucfs=1&arphpl=1&dest_id=-2092174&dest_type=city&group_adults=2&req_adults=2&no_rooms=1&group_children=0&req_children=0&hpos=5&hapos=5&sr_order=popularity&srpvid=898c6937ce300131&srepoch=1740495471&from=searchresults
"Aurika, Mumbai International Airport","Western Suburbs, Mumbai",NA,Very good,679 reviews,https://www.booking.comhttps://www.booking.com/hotel/in/aurika-mumbai-skycity.en-gb.html?label=gen173nr-1fcaqoggjcdhnlyxjjaf9tywzdqugzwarobigbazgbmbgbf8gbd9gbaegbafgba4gcaagca7gcrz_3vqbaaghsaiq5mgy5njvkmy1kyjy1ltqyowitymnjmc02mmyzzmu1nmm4ndpyagxgage&sid=4c8302fb0088615c78f654957530dd1a&aid=304142&ucfs=1&arphpl=1&dest_id=-2092174&dest_type=city&group_adults=2&req_adults=2&no_rooms=1&group_children=0&req_children=0&hpos=6&hapos=6&sr_order=popularity&srpvid=898c6937ce300131&srepoch=1740495471&from=searchresults
Radisson Blu Mumbai International Airport,"Western Suburbs, Mumbai",NA,Fabulous,"2,872 reviews",https://www.booking.comhttps://www.booking.com/hotel/in/radisson-blu-mumbai-international-airport.en-gb.html?label=gen173nr-1fcaqoggjcdhnlyxjjaf9tywzdqugzwarobigbazgbmbgbf8gbd9gbaegbafgba4gcaagca7gcrz_3vqbaaghsaiq5mgy5njvkmy1kyjy1ltqyowitymnjmc02mmyzzmu1nmm4ndpyagxgage&sid=4c8302fb0088615c78f654957530dd1a&aid=304142&ucfs=1&arphpl=1&dest_id=-2092174&dest_type=city&group_adults=2&req_adults=2&no_rooms=1&group_children=0&req_children=0&hpos=7&hapos=7&sr_order=popularity&srpvid=898c6937ce300131&srepoch=1740495471&from=searchresults
The Leela Mumbai,"Western Suburbs, Mumbai",NA,Fabulous,"3,942 reviews",https://www.booking.comhttps://www.booking.com/hotel/in/the-leela-mumbai.en-gb.html?label=gen173nr-1fcaqoggjcdhnlyxjjaf9tywzdqugzwarobigbazgbmbgbf8gbd9gbaegbafgba4gcaagca7gcrz_3vqbaaghsaiq5mgy5njvkmy1kyjy1ltqyowitymnjmc02mmyzzmu1nmm4ndpyagxgage&sid=4c8302fb0088615c78f654957530dd1a&aid=304142&ucfs=1&arphpl=1&dest_id=-2092174&dest_type=city&group_adults=2&req_adults=2&no_rooms=1&group_children=0&req_children=0&hpos=8&hapos=8&sr_order=popularity&srpvid=898c6937ce300131&srepoch=1740495471&from=searchresults
Ajanta Continental-Mumbai Airport,"Santacruz, Mumbai",NA,Good,64 reviews,https://www.booking.comhttps://www.booking.com/hotel/in/ajanata-continental.en-gb.html?label=gen173nr-1fcaqoggjcdhnlyxjjaf9tywzdqugzwarobigbazgbmbgbf8gbd9gbaegbafgba4gcaagca7gcrz_3vqbaaghsaiq5mgy5njvkmy1kyjy1ltqyowitymnjmc02mmyzzmu1nmm4ndpyagxgage&sid=4c8302fb0088615c78f654957530dd1a&aid=304142&ucfs=1&arphpl=1&dest_id=-2092174&dest_type=city&group_adults=2&req_adults=2&no_rooms=1&group_children=0&req_children=0&hpos=9&hapos=9&sr_order=popularity&srpvid=898c6937ce300131&srepoch=1740495471&from=searchresults
"The Taj Mahal Tower, Mumbai","Colaba, Mumbai",NA,Superb,"5,304 reviews",https://www.booking.comhttps://www.booking.com/hotel/in/the-taj-mahal-palace-tower.en-gb.html?label=gen173nr-1fcaqoggjcdhnlyxjjaf9tywzdqugzwarobigbazgbmbgbf8gbd9gbaegbafgba4gcaagca7gcrz_3vqbaaghsaiq5mgy5njvkmy1kyjy1ltqyowitymnjmc02mmyzzmu1nmm4ndpyagxgage&sid=4c8302fb0088615c78f654957530dd1a&aid=304142&ucfs=1&arphpl=1&dest_id=-2092174&dest_type=city&group_adults=2&req_adults=2&no_rooms=1&group_children=0&req_children=0&hpos=10&hapos=10&sr_order=popularity&srpvid=898c6937ce300131&srepoch=1740495471&from=searchresults
Treebo Palm Olive,"Santacruz, Mumbai",NA,Review score,42 reviews,https://www.booking.comhttps://www.booking.com/hotel/in/treebo-palm-olive.en-gb.html?label=gen173nr-1fcaqoggjcdhnlyxjjaf9tywzdqugzwarobigbazgbmbgbf8gbd9gbaegbafgba4gcaagca7gcrz_3vqbaaghsaiq5mgy5njvkmy1kyjy1ltqyowitymnjmc02mmyzzmu1nmm4ndpyagxgage&sid=4c8302fb0088615c78f654957530dd1a&aid=304142&ucfs=1&arphpl=1&dest_id=-2092174&dest_type=city&group_adults=2&req_adults=2&no_rooms=1&group_children=0&req_children=0&hpos=11&hapos=11&sr_order=popularity&srpvid=898c6937ce300131&srepoch=1740495471&from=searchresults
The Orion Premium Suites,"Santacruz, Mumbai",NA,Good,33 reviews,https://www.booking.comhttps://www.booking.com/hotel/in/the-orion-regency.en-gb.html?label=gen173nr-1fcaqoggjcdhnlyxjjaf9tywzdqugzwarobigbazgbmbgbf8gbd9gbaegbafgba4gcaagca7gcrz_3vqbaaghsaiq5mgy5njvkmy1kyjy1ltqyowitymnjmc02mmyzzmu1nmm4ndpyagxgage&sid=4c8302fb0088615c78f654957530dd1a&aid=304142&ucfs=1&arphpl=1&dest_id=-2092174&dest_type=city&group_adults=2&req_adults=2&no_rooms=1&group_children=0&req_children=0&hpos=12&hapos=12&sr_order=popularity&srpvid=898c6937ce300131&srepoch=1740495471&from=searchresults
Treebo Premium Widlor Boutique,"Western Suburbs, Mumbai",NA,Good,156 reviews,https://www.booking.comhttps://www.booking.com/hotel/in/treebo-tryst-widlor-boutique.en-gb.html?label=gen173nr-1fcaqoggjcdhnlyxjjaf9tywzdqugzwarobigbazgbmbgbf8gbd9gbaegbafgba4gcaagca7gcrz_3vqbaaghsaiq5mgy5njvkmy1kyjy1ltqyowitymnjmc02mmyzzmu1nmm4ndpyagxgage&sid=4c8302fb0088615c78f654957530dd1a&aid=304142&ucfs=1&arphpl=1&dest_id=-2092174&dest_type=city&group_adults=2&req_adults=2&no_rooms=1&group_children=0&req_children=0&hpos=13&hapos=13&sr_order=popularity&srpvid=898c6937ce300131&srepoch=1740495471&from=searchresults
The Mirador Andheri East,"Western Suburbs, Mumbai",NA,Good,314 reviews,https://www.booking.comhttps://www.booking.com/hotel/in/the-mirador.en-gb.html?label=gen173nr-1fcaqoggjcdhnlyxjjaf9tywzdqugzwarobigbazgbmbgbf8gbd9gbaegbafgba4gcaagca7gcrz_3vqbaaghsaiq5mgy5njvkmy1kyjy1ltqyowitymnjmc02mmyzzmu1nmm4ndpyagxgage&sid=4c8302fb0088615c78f654957530dd1a&aid=304142&ucfs=1&arphpl=1&dest_id=-2092174&dest_type=city&group_adults=2&req_adults=2&no_rooms=1&group_children=0&req_children=0&hpos=14&hapos=14&sr_order=popularity&srpvid=898c6937ce300131&srepoch=1740495471&from=searchresults
Fairfield by Marriott Mumbai International Airport,"Western Suburbs, Mumbai",NA,Very good,"1,838 reviews",https://www.booking.comhttps://www.booking.com/hotel/in/fairfield-by-marriott-mumbai-international-airport.en-gb.html?label=gen173nr-1fcaqoggjcdhnlyxjjaf9tywzdqugzwarobigbazgbmbgbf8gbd9gbaegbafgba4gcaagca7gcrz_3vqbaaghsaiq5mgy5njvkmy1kyjy1ltqyowitymnjmc02mmyzzmu1nmm4ndpyagxgage&sid=4c8302fb0088615c78f654957530dd1a&aid=304142&ucfs=1&arphpl=1&dest_id=-2092174&dest_type=city&group_adults=2&req_adults=2&no_rooms=1&group_children=0&req_children=0&hpos=15&hapos=15&sr_order=popularity&srpvid=898c6937ce300131&srepoch=1740495471&from=searchresults
"Hotel Kohinoor Continental,Airport","Western Suburbs, Mumbai",NA,Good,536 reviews,https://www.booking.comhttps://www.booking.com/hotel/in/kohinoor-continental.en-gb.html?label=gen173nr-1fcaqoggjcdhnlyxjjaf9tywzdqugzwarobigbazgbmbgbf8gbd9gbaegbafgba4gcaagca7gcrz_3vqbaaghsaiq5mgy5njvkmy1kyjy1ltqyowitymnjmc02mmyzzmu1nmm4ndpyagxgage&sid=4c8302fb0088615c78f654957530dd1a&aid=304142&ucfs=1&arphpl=1&dest_id=-2092174&dest_type=city&group_adults=2&req_adults=2&no_rooms=1&group_children=0&req_children=0&hpos=16&hapos=16&sr_order=popularity&srpvid=898c6937ce300131&srepoch=1740495471&from=searchresults
Forrest Hostels,"Bandra, Mumbai",NA,Fabulous,583 reviews,https://www.booking.comhttps://www.booking.com/hotel/in/forrest-hostels.en-gb.html?label=gen173nr-1fcaqoggjcdhnlyxjjaf9tywzdqugzwarobigbazgbmbgbf8gbd9gbaegbafgba4gcaagca7gcrz_3vqbaaghsaiq5mgy5njvkmy1kyjy1ltqyowitymnjmc02mmyzzmu1nmm4ndpyagxgage&sid=4c8302fb0088615c78f654957530dd1a&aid=304142&ucfs=1&arphpl=1&dest_id=-2092174&dest_type=city&group_adults=2&req_adults=2&no_rooms=1&group_children=0&req_children=0&hpos=17&hapos=17&sr_order=popularity&srpvid=898c6937ce300131&srepoch=1740495471&from=searchresults
White House by Maxxvalue Service Apartments Bandra,"Bandra, Mumbai",NA,Good,171 reviews,https://www.booking.comhttps://www.booking.com/hotel/in/white-house-by-maxxvalue-service-apartments-bandra.en-gb.html?label=gen173nr-1fcaqoggjcdhnlyxjjaf9tywzdqugzwarobigbazgbmbgbf8gbd9gbaegbafgba4gcaagca7gcrz_3vqbaaghsaiq5mgy5njvkmy1kyjy1ltqyowitymnjmc02mmyzzmu1nmm4ndpyagxgage&sid=4c8302fb0088615c78f654957530dd1a&aid=304142&ucfs=1&arphpl=1&dest_id=-2092174&dest_type=city&group_adults=2&req_adults=2&no_rooms=1&group_children=0&req_children=0&hpos=18&hapos=18&sr_order=popularity&srpvid=898c6937ce300131&srepoch=1740495471&from=searchresults
Treebo Castle Rock Inn,"Western Suburbs, Mumbai",NA,Review score,86 reviews,https://www.booking.comhttps://www.booking.com/hotel/in/treebo-trend-castle-rock-inn-mumbai.en-gb.html?label=gen173nr-1fcaqoggjcdhnlyxjjaf9tywzdqugzwarobigbazgbmbgbf8gbd9gbaegbafgba4gcaagca7gcrz_3vqbaaghsaiq5mgy5njvkmy1kyjy1ltqyowitymnjmc02mmyzzmu1nmm4ndpyagxgage&sid=4c8302fb0088615c78f654957530dd1a&aid=304142&ucfs=1&arphpl=1&dest_id=-2092174&dest_type=city&group_adults=2&req_adults=2&no_rooms=1&group_children=0&req_children=0&hpos=19&hapos=19&sr_order=popularity&srpvid=898c6937ce300131&srepoch=1740495471&from=searchresults
The Paradise By Tunga,"Western Suburbs, Mumbai",NA,Good,263 reviews,https://www.booking.comhttps://www.booking.com/hotel/in/the-paradise-by-tunga.en-gb.html?label=gen173nr-1fcaqoggjcdhnlyxjjaf9tywzdqugzwarobigbazgbmbgbf8gbd9gbaegbafgba4gcaagca7gcrz_3vqbaaghsaiq5mgy5njvkmy1kyjy1ltqyowitymnjmc02mmyzzmu1nmm4ndpyagxgage&sid=4c8302fb0088615c78f654957530dd1a&aid=304142&ucfs=1&arphpl=1&dest_id=-2092174&dest_type=city&group_adults=2&req_adults=2&no_rooms=1&group_children=0&req_children=0&hpos=20&hapos=20&sr_order=popularity&srpvid=898c6937ce300131&srepoch=1740495471&from=searchresults
"Lemon Tree Premier, Mumbai International Airport","Western Suburbs, Mumbai",NA,Very good,612 reviews,https://www.booking.comhttps://www.booking.com/hotel/in/lemon-tree-premier-mumbai-airport-mumbai.en-gb.html?label=gen173nr-1fcaqoggjcdhnlyxjjaf9tywzdqugzwarobigbazgbmbgbf8gbd9gbaegbafgba4gcaagca7gcrz_3vqbaaghsaiq5mgy5njvkmy1kyjy1ltqyowitymnjmc02mmyzzmu1nmm4ndpyagxgage&sid=4c8302fb0088615c78f654957530dd1a&aid=304142&ucfs=1&arphpl=1&dest_id=-2092174&dest_type=city&group_adults=2&req_adults=2&no_rooms=1&group_children=0&req_children=0&hpos=21&hapos=21&sr_order=popularity&srpvid=898c6937ce300131&srepoch=1740495471&from=searchresults
Hotel O Dhiman Residency,Mumbai,NA,Review score,29 reviews,https://www.booking.comhttps://www.booking.com/hotel/in/oyo-flagship-81458-dhiman-residency.en-gb.html?label=gen173nr-1fcaqoggjcdhnlyxjjaf9tywzdqugzwarobigbazgbmbgbf8gbd9gbaegbafgba4gcaagca7gcrz_3vqbaaghsaiq5mgy5njvkmy1kyjy1ltqyowitymnjmc02mmyzzmu1nmm4ndpyagxgage&sid=4c8302fb0088615c78f654957530dd1a&aid=304142&ucfs=1&arphpl=1&dest_id=-2092174&dest_type=city&group_adults=2&req_adults=2&no_rooms=1&group_children=0&req_children=0&hpos=22&hapos=22&sr_order=popularity&srpvid=898c6937ce300131&srepoch=1740495471&from=searchresults
ibis Mumbai Vikhroli - An Accor Brand,"Central Suburbs, Mumbai",NA,Good,725 reviews,https://www.booking.comhttps://www.booking.com/hotel/in/ibis-mumbai-vikhroli.en-gb.html?label=gen173nr-1fcaqoggjcdhnlyxjjaf9tywzdqugzwarobigbazgbmbgbf8gbd9gbaegbafgba4gcaagca7gcrz_3vqbaaghsaiq5mgy5njvkmy1kyjy1ltqyowitymnjmc02mmyzzmu1nmm4ndpyagxgage&sid=4c8302fb0088615c78f654957530dd1a&aid=304142&ucfs=1&arphpl=1&dest_id=-2092174&dest_type=city&group_adults=2&req_adults=2&no_rooms=1&group_children=0&req_children=0&hpos=23&hapos=23&sr_order=popularity&srpvid=898c6937ce300131&srepoch=1740495471&from=searchresults
The Cattleya Hotel,"Western Suburbs, Mumbai",NA,Good,129 reviews,https://www.booking.comhttps://www.booking.com/hotel/in/the-cattleya.en-gb.html?label=gen173nr-1fcaqoggjcdhnlyxjjaf9tywzdqugzwarobigbazgbmbgbf8gbd9gbaegbafgba4gcaagca7gcrz_3vqbaaghsaiq5mgy5njvkmy1kyjy1ltqyowitymnjmc02mmyzzmu1nmm4ndpyagxgage&sid=4c8302fb0088615c78f654957530dd1a&aid=304142&ucfs=1&arphpl=1&dest_id=-2092174&dest_type=city&group_adults=2&req_adults=2&no_rooms=1&group_children=0&req_children=0&hpos=24&hapos=24&sr_order=popularity&srpvid=898c6937ce300131&srepoch=1740495471&from=searchresults
Regency Hotel Malabar Hill,"South Mumbai, Mumbai",NA,Good,46 reviews,https://www.booking.comhttps://www.booking.com/hotel/in/regency.en-gb.html?label=gen173nr-1fcaqoggjcdhnlyxjjaf9tywzdqugzwarobigbazgbmbgbf8gbd9gbaegbafgba4gcaagca7gcrz_3vqbaaghsaiq5mgy5njvkmy1kyjy1ltqyowitymnjmc02mmyzzmu1nmm4ndpyagxgage&sid=4c8302fb0088615c78f654957530dd1a&aid=304142&ucfs=1&arphpl=1&dest_id=-2092174&dest_type=city&group_adults=2&req_adults=2&no_rooms=1&group_children=0&req_children=0&hpos=25&hapos=25&sr_order=popularity&srpvid=898c6937ce300131&srepoch=1740495471&from=searchresults
